Ticker,PrimaryExchange
MSFT,NASDAQ
NVDA,NASDAQ
AAPL,NASDAQ
AMZN,NASDAQ
META,NASDAQ
AVGO,NASDAQ
GOOGL,NASDAQ
TSLA,NASDAQ
BRKB,NYSE
GOOG,NASDAQ
JPM,NYSE
V,NYSE
LLY,NYSE
NFLX,NASDAQ
MA,NYSE
XOM,NYSE
COST,NASDAQ
WMT,NYSE
PG,NYSE
JNJ,NYSE
HD,NYSE
ABBV,NYSE
BAC,NYSE
KO,NYSE
UNH,NYSE
PM,NYSE
CRM,NYSE
CSCO,NASDAQ
ORCL,NYSE
GE,NYSE
PLTR,NASDAQ
WFC,NYSE
IBM,NYSE
ABT,NYSE
MCD,NYSE
CVX,NYSE
LIN,NASDAQ
NOW,NYSE
DIS,NYSE
ACN,NYSE
T,NYSE
MRK,NYSE
ISRG,NASDAQ
VZ,NYSE
AMD,NASDAQ
ADBE,NASDAQ
INTU,NASDAQ
UBER,NYSE
RTX,NYSE
GS,NYSE
PEP,NASDAQ
BKNG,NASDAQ
TXN,NASDAQ
QCOM,NASDAQ
CAT,NYSE
PGR,NYSE
SPGI,NYSE
AXP,NYSE
BSX,NYSE
TMO,NYSE
BA,NYSE
TJX,NYSE
NEE,NYSE
AMGN,NASDAQ
SCHW,NYSE
HON,NASDAQ
MS,NYSE
BLK,NYSE
C,NYSE
SYK,NYSE
UNP,NYSE
GILD,NASDAQ
ADP,NASDAQ
AMAT,NASDAQ
CMCSA,NASDAQ
PFE,NYSE
LOW,NYSE
DE,NYSE
ETN,NYSE
GEV,NYSE
DHR,NYSE
COF,NYSE
CB,NYSE
PANW,NASDAQ
TMUS,NASDAQ
MMC,NYSE
COP,NYSE
VRTX,NASDAQ
ADI,NASDAQ
MDT,NYSE
LRCX,NASDAQ
MU,NASDAQ
KLAC,NASDAQ
APH,NYSE
CME,NASDAQ
MO,NYSE
CRWD,NASDAQ
AMT,NYSE
BX,NYSE
LMT,NYSE
ICE,NYSE
SO,NYSE
PLD,NYSE
TT,NYSE
ANET,NYSE
BMY,NYSE
SPOT,NYSE
APP,NASDAQ
WM,NYSE
SBUX,NASDAQ
MSTR,NASDAQ
ELV,NYSE
FI,NYSE
WELL,NYSE
MCK,NYSE
CEG,NASDAQ
DUK,NYSE
INTC,NASDAQ
MDLZ,NASDAQ
CDNS,NASDAQ
CI,NYSE
PH,NYSE
SHW,NYSE
AJG,NYSE
EQIX,NASDAQ
MMM,NYSE
KKR,NYSE
ORLY,NASDAQ
XTSLA,
CVS,NYSE
SNPS,NASDAQ
CTAS,NASDAQ
TDG,NYSE
GD,NYSE
MCO,NYSE
CL,NYSE
ZTS,NYSE
DASH,NASDAQ
PYPL,NASDAQ
ITW,NYSE
NKE,NYSE
HCA,NYSE
WMB,NYSE
MSI,NYSE
AON,NYSE
UPS,NYSE
CMG,NYSE
APO,NYSE
PNC,NYSE
USB,NYSE
EMR,NYSE
HWM,NYSE
AZO,NYSE
ECL,NYSE
CRH,NYSE
FTNT,NASDAQ
NOC,NYSE
JCI,NYSE
BK,NYSE
REGN,NASDAQ
ADSK,NASDAQ
EOG,NYSE
ROP,NASDAQ
TRV,NYSE
CARR,NYSE
APD,NYSE
NEM,NYSE
HLT,NYSE
MAR,NASDAQ
CSX,NASDAQ
AFL,NYSE
WDAY,NASDAQ
RCL,NYSE
SNOW,NYSE
DLR,NYSE
AEP,NASDAQ
FCX,NYSE
ABNB,NASDAQ
ALL,NYSE
NSC,NYSE
AXON,NASDAQ
CPRT,NASDAQ
KMI,NYSE
TFC,NYSE
COIN,NASDAQ
RSG,NYSE
VST,NYSE
MRVL,NASDAQ
AIG,NYSE
SPG,NYSE
LNG,NYSE
OKE,NYSE
COR,NYSE
MPC,NYSE
BDX,NYSE
PAYX,NASDAQ
ROST,NASDAQ
PWR,NYSE
USD,
AMP,NYSE
GM,NYSE
SRE,NYSE
PCAR,NASDAQ
O,NYSE
FDX,NYSE
NET,NYSE
SLB,NYSE
D,NYSE
CTVA,NYSE
PSA,NYSE
GWW,NYSE
FAST,NASDAQ
KMB,NYSE
PSX,NYSE
KVUE,NYSE
KR,NYSE
URI,NYSE
MET,NYSE
MNST,NASDAQ
EXC,NASDAQ
EW,NYSE
LHX,NYSE
VRSK,NASDAQ
CMI,NYSE
CCI,NYSE
HOOD,NASDAQ
TGT,NYSE
RBLX,NYSE
MSCI,NYSE
FIS,NYSE
KDP,NASDAQ
F,NYSE
YUM,NYSE
AME,NYSE
IDXX,NASDAQ
FICO,NYSE
VLO,NYSE
XEL,NASDAQ
CTSH,NASDAQ
EA,NASDAQ
TTWO,NASDAQ
NU,NYSE
OTIS,NYSE
PEG,NYSE
CHTR,NASDAQ
PCG,NYSE
ALNY,NASDAQ
HIG,NYSE
CAH,NYSE
GLW,NYSE
CBRE,NYSE
VRT,NYSE
LULU,NASDAQ
BKR,NASDAQ
ED,NYSE
PRU,NYSE
HES,NYSE
RMD,NYSE
VMC,NYSE
SYY,NYSE
FERG,NYSE
ETR,NYSE
VEEV,NYSE
DDOG,NASDAQ
TRGP,NYSE
EBAY,NASDAQ
WAB,NYSE
MLM,NYSE
ROK,NYSE
WEC,NYSE
DHI,NYSE
IT,NYSE
TEAM,NASDAQ
ACGL,NASDAQ
TTD,NASDAQ
DXCM,NASDAQ
NDAQ,NASDAQ
EQT,NYSE
IR,NYSE
VICI,NYSE
EFX,NYSE
MPWR,NASDAQ
ODFL,NASDAQ
CVNA,NYSE
CPNG,NYSE
GEHC,NASDAQ
MCHP,NASDAQ
NRG,NYSE
WTW,NASDAQ
A,NYSE
DAL,NYSE
GRMN,NYSE
XYZ,NYSE
HUBS,NYSE
CNC,NYSE
XYL,NYSE
EXR,NYSE
CSGP,NASDAQ
DELL,NYSE
MTB,NYSE
RJF,NYSE
LPLA,NASDAQ
ANSS,NASDAQ
ARES,NYSE
HUM,NYSE
STZ,NYSE
GIS,NYSE
AVB,NYSE
DTE,NYSE
DD,NYSE
KEYS,NYSE
IRM,NYSE
BR,NYSE
OXY,NYSE
STT,NYSE
AWK,NYSE
HPQ,NYSE
VTR,NYSE
TSCO,NASDAQ
BRO,NYSE
NUE,NYSE
EQR,NYSE
EXE,NASDAQ
GDDY,NYSE
AEE,NYSE
PPL,NYSE
FANG,NASDAQ
TPL,NYSE
IP,NYSE
PPG,NYSE
FITB,NASDAQ
VLTO,NYSE
IQV,NYSE
SBAC,NASDAQ
FTV,NYSE
DOV,NYSE
ATO,NYSE
FE,NYSE
CBOE,BATS
CDW,NASDAQ
LEN,NYSE
STE,NYSE
TYL,NYSE
UAL,NASDAQ
MTD,NYSE
CNP,NYSE
ES,NYSE
DRI,NYSE
MKL,NYSE
KHC,NASDAQ
ZS,NASDAQ
CHD,NYSE
VRSN,NASDAQ
HPE,NYSE
ADM,NYSE
SW,NYSE
PODD,NASDAQ
TDY,NYSE
CCL,NYSE
LYV,NYSE
CPAY,NYSE
SYF,NYSE
CINF,NASDAQ
HSY,NYSE
DG,NYSE
HBAN,NASDAQ
ZM,NASDAQ
EIX,NYSE
WBD,NASDAQ
IBKR,NASDAQ
WRB,NYSE
LDOS,NYSE
K,NYSE
FCNCA,NASDAQ
EME,NYSE
CMS,NYSE
AMCR,NYSE
TROW,NASDAQ
FWONK,NASDAQ
WAT,NYSE
SMCI,NASDAQ
HUBB,NYSE
NTRS,NASDAQ
INVH,NYSE
LH,NYSE
WSM,NYSE
TOST,NYSE
DOW,NYSE
NTNX,NASDAQ
NTAP,NASDAQ
PHM,NYSE
PTC,NASDAQ
OKTA,NASDAQ
DVN,NYSE
NVR,NYSE
IFF,NYSE
DUOL,NASDAQ
EXPE,NASDAQ
RBA,NYSE
GPN,NYSE
RF,NYSE
LUV,NYSE
STLD,NASDAQ
PINS,NYSE
DECK,NYSE
ON,NASDAQ
DGX,NYSE
TPR,NYSE
BIIB,NASDAQ
ULTA,NASDAQ
LII,NYSE
WY,NYSE
MKC,NYSE
ZBH,NYSE
DLTR,NASDAQ
NI,NYSE
MAA,NYSE
MOH,NYSE
CTRA,NYSE
FDS,NYSE
ESS,NYSE
PFG,NASDAQ
JBL,NYSE
TWLO,NYSE
HAL,NYSE
FSLR,NASDAQ
CFG,NYSE
GPC,NYSE
CSL,NYSE
NTRA,NASDAQ
GWRE,NYSE
DOCU,NASDAQ
TW,NASDAQ
WDC,NASDAQ
HEIA,NYSE
TRMB,NASDAQ
PKG,NYSE
PSTG,NYSE
DPZ,NASDAQ
FFIV,NASDAQ
CASY,NASDAQ
SSNC,NASDAQ
SNA,NYSE
FIX,NYSE
USFD,NYSE
BURL,NYSE
EQH,NYSE
CLX,NYSE
DKNG,NASDAQ
SFM,NASDAQ
RS,NYSE
PNR,NYSE
TRU,NYSE
BALL,NYSE
ROL,NYSE
BAH,NYSE
DT,NYSE
TSN,NYSE
WSO,NYSE
EXPD,NYSE
J,NYSE
APTV,NYSE
LNT,NASDAQ
CW,NYSE
L,NYSE
THC,NYSE
SUI,NYSE
BAX,NYSE
CF,NYSE
COO,NASDAQ
BJ,NYSE
WST,NYSE
GEN,NASDAQ
BBY,NYSE
EVRG,NASDAQ
LYB,NYSE
RPM,NYSE
UNM,NYSE
EL,NYSE
AVY,NYSE
ZBRA,NASDAQ
ACM,NYSE
KEY,NYSE
EG,NYSE
OMC,NYSE
FNF,NYSE
RIVN,NASDAQ
GGG,NYSE
TXT,NYSE
KIM,NYSE
UTHR,NASDAQ
LVS,NYSE
JKHY,NASDAQ
XPO,NYSE
IEX,NYSE
SOFI,NASDAQ
PAYC,NYSE
UDR,NYSE
RGA,NYSE
MAS,NYSE
WPC,NYSE
MDB,NASDAQ
FTI,NYSE
REG,NASDAQ
ALGN,NASDAQ
RPRX,NASDAQ
TXRH,NASDAQ
PFGC,NYSE
EWBC,NASDAQ
TKO,NYSE
ILMN,NASDAQ
AMH,NYSE
EXEL,NASDAQ
RNR,NYSE
BLDR,NYSE
TER,NASDAQ
HOLX,NASDAQ
ELS,NYSE
ITT,NYSE
AFRM,NASDAQ
ALLE,NYSE
EHC,NYSE
FOXA,NASDAQ
RGLD,NASDAQ
WWD,NASDAQ
CPT,NYSE
HEI,NYSE
SGI,NYSE
NBIX,NASDAQ
DOC,NYSE
GLPI,NASDAQ
JNPR,NYSE
FTAI,NASDAQ
MOS,NYSE
ARE,NYSE
MANH,NASDAQ
OC,NYSE
SWKS,NASDAQ
SJM,NYSE
CLH,NYSE
CCK,NYSE
JBHT,NASDAQ
CIEN,NYSE
NDSN,NASDAQ
AKAM,NASDAQ
INSM,NASDAQ
AR,NYSE
RL,NYSE
CNH,NYSE
CHRW,NASDAQ
POOL,NASDAQ
SCI,NYSE
HIMS,NYSE
BMRN,NASDAQ
UHS,NYSE
LECO,NASDAQ
NWSA,NASDAQ
MSFUT,
ENTG,NASDAQ
CRS,NYSE
CACI,NYSE
RVTY,NYSE
LKQ,NASDAQ
RBC,NYSE
LBRDK,NASDAQ
CAG,NYSE
TOL,NYSE
NVT,NYSE
NLY,NYSE
GME,NYSE
DOX,NASDAQ
APG,NYSE
PNW,NYSE
BG,NYSE
COHR,NYSE
INCY,NASDAQ
HST,NASDAQ
Z,NASDAQ
EXAS,NASDAQ
FHN,NYSE
EPAM,NYSE
JLL,NYSE
ARMK,NYSE
ATR,NYSE
DTM,NYSE
VTRS,NASDAQ
CNM,NYSE
SWK,NYSE
BXP,NYSE
BWXT,NYSE
KNSL,NYSE
SOLV,NYSE
LAMR,NASDAQ
ALAB,NASDAQ
GL,NYSE
DKS,NYSE
AIZ,NYSE
WTRG,NYSE
OHI,NYSE
PEN,NYSE
MTZ,NYSE
KMX,NYSE
EMN,NYSE
TAP,NYSE
OVV,NYSE
WYNN,NASDAQ
OWL,NYSE
TTEK,NASDAQ
WING,NASDAQ
CG,NASDAQ
X,NYSE
ATI,NYSE
INGR,NYSE
FYBR,NASDAQ
HAS,NASDAQ
SF,NYSE
RRC,NYSE
SNX,NYSE
CUBE,NYSE
ALLY,NYSE
OGE,NYSE
QGEN,NYSE
ACI,NYSE
IPG,NYSE
PRI,NYSE
HII,NYSE
HSIC,NASDAQ
ALSN,NYSE
NYT,NYSE
HLI,NYSE
AFG,NYSE
AIT,NYSE
WBS,NYSE
PCTY,NASDAQ
ORI,NYSE
PLNT,NYSE
RRX,NYSE
SSB,NYSE
RKLB,NASDAQ
KD,NYSE
ROKU,NASDAQ
CR,NYSE
PR,NYSE
HRL,NYSE
JEF,NYSE
HQY,NASDAQ
BLD,NYSE
SEIC,NASDAQ
CRDO,NASDAQ
DAY,NYSE
MLI,NYSE
CHE,NYSE
DCI,NYSE
AVTR,NYSE
AYI,NYSE
MRNA,NASDAQ
NXT,NASDAQ
MORN,NASDAQ
BRBR,NYSE
MKTX,NASDAQ
ENSG,NASDAQ
MUSA,NYSE
EGP,NYSE
SKX,NYSE
CART,NASDAQ
LAD,NYSE
FN,NYSE
PNFP,NASDAQ
WBA,NASDAQ
AXS,NYSE
AOS,NYSE
EVR,NYSE
HRB,NYSE
WMS,NYSE
COOP,NASDAQ
CBSH,NASDAQ
ESTC,NYSE
FRT,NYSE
SCCO,NYSE
TTC,NYSE
MIDD,NASDAQ
PRMB,NYSE
FND,NYSE
AGNC,NASDAQ
G,NYSE
CFR,NYSE
ADC,NYSE
XP,NASDAQ
WAL,NYSE
MTSI,NASDAQ
WTFC,NASDAQ
MTCH,NASDAQ
MEDP,NASDAQ
CMA,NYSE
UGI,NYSE
NNN,NYSE
QRVO,NASDAQ
NFG,NYSE
LW,NYSE
CVLT,NASDAQ
BRX,NYSE
NCLH,NYSE
CWST,NASDAQ
OLLI,NASDAQ
AZEK,NYSE
BPOP,NASDAQ
BMI,NYSE
AAL,NASDAQ
TECH,NASDAQ
LNW,NASDAQ
REXR,NYSE
EXP,NYSE
WCC,NYSE
MGM,NYSE
AES,NYSE
BBWI,NYSE
GNRC,NYSE
SAIA,NASDAQ
BROS,NYSE
SLM,NASDAQ
AXTA,NYSE
ESAB,NYSE
KBR,NYSE
PCOR,NYSE
AWI,NYSE
AA,NYSE
BWA,NYSE
SPXC,NYSE
CRL,NYSE
EXLS,NASDAQ
UMBF,NASDAQ
RYAN,NYSE
ZION,NASDAQ
BFAM,NYSE
OLED,NASDAQ
KNX,NYSE
CHDN,NASDAQ
PARA,NASDAQ
SSD,NYSE
MTG,NYSE
GTLS,NYSE
COKE,NASDAQ
HALO,NASDAQ
JAZZ,NASDAQ
GPK,NYSE
GMED,NYSE
BSY,NASDAQ
AAON,NASDAQ
IONQ,NYSE
VNO,NYSE
SNV,NYSE
RGEN,NASDAQ
OSK,NYSE
FLS,NYSE
DVA,NYSE
ALB,NYSE
CORT,NASDAQ
VOYA,NYSE
LRN,NYSE
BEN,NYSE
CPB,NASDAQ
U,NYSE
EAT,NYSE
ONB,NASDAQ
FOX,NASDAQ
PB,NYSE
VMI,NYSE
CELH,NASDAQ
SN,NYSE
MASI,NASDAQ
STAG,NYSE
FLR,NYSE
BPMC,NASDAQ
HLNE,NASDAQ
RLI,NYSE
MAT,NASDAQ
WH,NYSE
RVMD,NASDAQ
ARW,NYSE
LSCC,NASDAQ
ENPH,NASDAQ
KEX,NYSE
CAVA,NYSE
ESNT,NYSE
DOCS,NYSE
CROX,NASDAQ
DBX,NASDAQ
FR,NYSE
WTS,NYSE
AGCO,NYSE
FBIN,NYSE
IDA,NYSE
APA,NASDAQ
SAIC,NASDAQ
R,NYSE
AM,NYSE
GTLB,NASDAQ
ELAN,NYSE
LYFT,NASDAQ
ALK,NYSE
TREX,NYSE
STWD,NYSE
DY,NYSE
CZR,NASDAQ
AL,NYSE
UFPI,NASDAQ
RMBS,NASDAQ
FIVE,NASDAQ
BFB,NYSE
THG,NYSE
FSS,NYSE
LOPE,NASDAQ
TFX,NYSE
CE,NYSE
FCN,NYSE
LPX,NYSE
FAF,NYSE
TMHC,NYSE
CHRD,NASDAQ
VNT,NYSE
MSA,NYSE
JXN,NYSE
RITM,NYSE
STRL,NASDAQ
DINO,NYSE
MMSI,NASDAQ
MKSI,NASDAQ
CRUS,NASDAQ
AUR,NASDAQ
LNC,NYSE
H,NYSE
HOMB,NYSE
KNF,NYSE
WEX,NYSE
CMC,NYSE
FOUR,NYSE
MTN,NYSE
EPRT,NYSE
AMG,NYSE
IVZ,NYSE
RHP,NYSE
GAP,NYSE
OMF,NYSE
UHALB,NYSE
SIGI,NASDAQ
POST,NYSE
GPI,NYSE
PATH,NYSE
OPCH,NASDAQ
MARA,NASDAQ
S,NYSE
MTDR,NYSE
JBTM,NYSE
HR,NYSE
ETSY,NASDAQ
CTRE,NYSE
MHK,NYSE
SITE,NYSE
QTWO,NYSE
LNTH,NASDAQ
SPSC,NASDAQ
TRNO,NYSE
IONS,NASDAQ
MOGA,NYSE
KTOS,NASDAQ
IDCC,NASDAQ
VRNS,NASDAQ
NXST,NASDAQ
ZWS,NYSE
GNTX,NASDAQ
CSWI,NASDAQ
VNOM,NASDAQ
AHR,NYSE
ATGE,NYSE
BCPC,NASDAQ
CFLT,NASDAQ
QLYS,NASDAQ
ITRI,NASDAQ
GTES,NYSE
CGNX,NASDAQ
WSC,NASDAQ
DAR,NYSE
MOD,NYSE
LFUS,NASDAQ
OZK,NASDAQ
SKY,NYSE
GATX,NYSE
LITE,NASDAQ
LEA,NYSE
RDN,NYSE
COLD,NYSE
ADMA,NASDAQ
CDE,NYSE
FNB,NYSE
AVAV,NASDAQ
FMC,NYSE
ALKS,NASDAQ
UBSI,NASDAQ
RHI,NYSE
GBCI,NYSE
MDGL,NASDAQ
COLB,NASDAQ
HWC,NASDAQ
BOOT,NYSE
LSTR,NASDAQ
NOV,NYSE
CHX,NASDAQ
ONTO,NYSE
JHG,NYSE
SIRI,NASDAQ
TXNM,NYSE
ACIW,NASDAQ
CNX,NYSE
GKOS,NYSE
ESI,NYSE
PEGA,NASDAQ
BBIO,NASDAQ
MTH,NYSE
AN,NYSE
APPF,NASDAQ
ROIV,NASDAQ
LAZ,NYSE
BYD,NYSE
GXO,NYSE
BIPC,NYSE
BDC,NYSE
FCFS,NASDAQ
ABG,NYSE
TGTX,NASDAQ
AVT,NASDAQ
PVH,NYSE
SEE,NYSE
NJR,NYSE
SLGN,NYSE
MMS,NYSE
GH,NASDAQ
KRG,NYSE
NOVT,NASDAQ
HXL,NYSE
SPR,NYSE
BILL,NYSE
FFIN,NASDAQ
ROAD,NASDAQ
SNDK,NASDAQ
WTM,NYSE
SWX,NYSE
BOX,NYSE
SON,NYSE
ESE,NYSE
EEFT,NASDAQ
BIO,NYSE
ORA,NYSE
DLB,NYSE
PLMR,NASDAQ
CADE,NYSE
BKH,NYSE
SR,NYSE
CUZ,NYSE
TKR,NYSE
PECO,NASDAQ
PBH,NYSE
SANM,NASDAQ
VVV,NYSE
NEU,NYSE
PCVX,NASDAQ
ELF,NYSE
CALM,NASDAQ
INSP,NYSE
POR,NYSE
VFC,NYSE
URBN,NASDAQ
CWAN,NYSE
PIPR,NYSE
CCCS,NASDAQ
GLOB,NYSE
SKYW,NASDAQ
IRTC,NASDAQ
AEIS,NASDAQ
WHR,NYSE
ENS,NYSE
AGO,NYSE
AX,NYSE
SBRA,NASDAQ
ACA,NYSE
NPO,NYSE
CVCO,NASDAQ
ITGR,NYSE
TPG,NASDAQ
OGS,NYSE
SHAK,NYSE
EPR,NYSE
SXT,NYSE
THO,NYSE
VLY,NASDAQ
IRT,NYSE
FTDR,NASDAQ
BRKR,NASDAQ
TMDX,NASDAQ
MGY,NYSE
ESGR,NASDAQ
VRRM,NASDAQ
AXSM,NASDAQ
SITM,NASDAQ
CNR,NYSE
SLAB,NASDAQ
CNO,NYSE
FRPT,NASDAQ
AROC,NYSE
SLG,NYSE
EXPO,NASDAQ
CBT,NYSE
OSIS,NASDAQ
ST,NYSE
SNEX,NASDAQ
FELE,NASDAQ
LUMN,NYSE
KMPR,NYSE
NWS,NASDAQ
KAI,NYSE
BHF,NASDAQ
PRIM,NYSE
MIR,NYSE
RDNT,NASDAQ
BEPC,NYSE
MSGS,NYSE
SFBS,NYSE
KTB,NYSE
TENB,NASDAQ
AUB,NYSE
ABCB,NYSE
SRPT,NASDAQ
PRGO,NYSE
ANF,NYSE
ASB,NYSE
GFS,NASDAQ
STEP,NASDAQ
MWA,NYSE
STNE,NASDAQ
NSIT,NASDAQ
KRC,NYSE
AKRO,NASDAQ
RELY,NASDAQ
BCO,NYSE
ALE,NYSE
MSM,NYSE
CBZ,NYSE
PLXS,NASDAQ
GLNG,NASDAQ
CHH,NYSE
KFY,NYSE
MAC,NYSE
BCC,NYSE
MRP,NYSE
GVA,NYSE
BC,NYSE
CNK,NYSE
BE,NYSE
TCBI,NASDAQ
LLYVK,NASDAQ
DORM,NASDAQ
TDS,NYSE
MC,NYSE
KBH,NYSE
HRI,NYSE
IBOC,NASDAQ
IBP,NYSE
CYTK,NASDAQ
PJT,NYSE
ACHR,NYSE
MATX,NYSE
RYN,NYSE
PTCT,NASDAQ
HAE,NYSE
CLF,NYSE
TNL,NYSE
VIRT,NASDAQ
ABM,NYSE
W,NYSE
FBP,NYSE
WK,NYSE
MDU,NYSE
RARE,NASDAQ
UPST,NASDAQ
WFRD,NASDAQ
GEO,NYSE
BXMT,NYSE
CACC,NASDAQ
RNST,NYSE
RNA,NASDAQ
WDFC,NASDAQ
SWTX,NASDAQ
ALGM,NASDAQ
NE,NYSE
AMTM,NYSE
PAG,NYSE
MGEE,NASDAQ
CRVL,NASDAQ
NWE,NASDAQ
M,NYSE
ASO,NASDAQ
SKT,NYSE
HASI,NYSE
HL,NYSE
FUN,NYSE
ATMU,NYSE
ADT,NYSE
RYTM,NASDAQ
KRYS,NASDAQ
BGC,NASDAQ
AVA,NYSE
PSN,NYSE
WSFS,NASDAQ
NMIH,NASDAQ
XRAY,NASDAQ
FHB,NASDAQ
PCH,NASDAQ
NHI,NYSE
AVNT,NYSE
FUL,NYSE
CRC,NYSE
LANC,NASDAQ
AMED,NASDAQ
WAY,NASDAQ
TEX,NYSE
GMS,NYSE
OTTR,NASDAQ
RH,NYSE
FLO,NYSE
CARG,NASDAQ
ZG,NASDAQ
RIOT,NASDAQ
BL,NASDAQ
CDP,NYSE
CLSKW,NASDAQ
LOAR,NYSE
POWI,NASDAQ
INTA,NASDAQ
AWR,NYSE
SARO,NYSE
CBU,NYSE
MUR,NYSE
DRS,NASDAQ
SMPL,NASDAQ
CPRX,NASDAQ
HIW,NYSE
GT,NASDAQ
GHC,NYSE
GTM,NASDAQ
HGV,NYSE
HOG,NYSE
OSCR,NYSE
FRSH,NASDAQ
SOUN,NASDAQ
TPH,NYSE
ICUI,NASDAQ
CATY,NASDAQ
MHO,NYSE
RUSHA,NASDAQ
LAUR,NASDAQ
HEES,NASDAQ
PATK,NASDAQ
PSMT,NASDAQ
FCPT,NYSE
UNF,NYSE
AZZ,NYSE
FULT,NASDAQ
REZI,NYSE
TGNA,NYSE
SMTC,NASDAQ
GFF,NYSE
ACAD,NASDAQ
GNW,NYSE
LINE,NASDAQ
FLG,NYSE
BANF,NASDAQ
ASTS,NASDAQ
VKTX,NASDAQ
DNB,NYSE
WSBC,NASDAQ
QBTS,NYSE
IAC,NASDAQ
AGX,NYSE
ECG,NYSE
SIG,NYSE
APLE,NYSE
SM,NYSE
CWT,NYSE
CIVI,NYSE
CNXC,NASDAQ
MQ,NASDAQ
LCID,NASDAQ
MPW,NYSE
PRGS,NASDAQ
PTGX,NASDAQ
BNL,NYSE
EVTC,NYSE
EBC,NASDAQ
UCB,NYSE
GPOR,NYSE
NVST,NYSE
MP,NYSE
AVPT,NASDAQ
IRDM,NASDAQ
CPK,NYSE
WHD,NYSE
INDB,NASDAQ
PI,NASDAQ
YELP,NYSE
HWKN,NASDAQ
ACLX,NASDAQ
DXC,NYSE
JOBY,NYSE
HURN,NASDAQ
TNET,NYSE
ALRM,NASDAQ
BLKB,NASDAQ
BOH,NYSE
NUVL,NASDAQ
MGRC,NASDAQ
HCC,NYSE
WU,NYSE
TTMI,NASDAQ
CRNX,NASDAQ
BUR,NYSE
PRVA,NASDAQ
BKU,NYSE
EPAC,NYSE
WNS,NYSE
CWEN,NYSE
GSHD,NASDAQ
CALX,NYSE
CXW,NYSE
ASH,NYSE
ACVA,NYSE
YETI,NYSE
VCTR,NASDAQ
CHEF,NASDAQ
SRRK,NASDAQ
ENVA,NYSE
SATS,NASDAQ
WLK,NYSE
PAR,NYSE
CXT,NYSE
CVBF,NASDAQ
IPAR,NASDAQ
NOG,NYSE
OLN,NYSE
MYRG,NASDAQ
ATKR,NYSE
SMG,NYSE
PFSI,NYSE
ASGN,NYSE
VAC,NYSE
SFNC,NASDAQ
BCRX,NASDAQ
RXO,NYSE
BIRK,NYSE
AI,NYSE
FORM,NASDAQ
PTON,NASDAQ
RNG,NYSE
LTH,NYSE
SYNA,NASDAQ
DEI,NYSE
ALIT,NYSE
WD,NYSE
NSP,NYSE
BFH,NYSE
PRDO,NASDAQ
NSA,NYSE
KAR,NYSE
AGYS,NASDAQ
PRCT,NASDAQ
NWL,NASDAQ
APAM,NYSE
FIBK,NASDAQ
COMP,NYSE
BRZE,NASDAQ
ZETA,NYSE
PFS,NYSE
CNS,NYSE
LXP,NYSE
LCII,NYSE
PENN,NASDAQ
BANR,NASDAQ
MRCY,NASDAQ
BWIN,NASDAQ
OUT,NYSE
CAKE,NASDAQ
SSRM,NASDAQ
PK,NYSE
TBBK,NASDAQ
CON,NYSE
LIVN,NASDAQ
AKR,NYSE
VSEC,NASDAQ
HNI,NYSE
PTEN,NASDAQ
NTB,NYSE
SMMT,NASDAQ
PINC,NASDAQ
CAR,NASDAQ
OI,NYSE
TRMK,NASDAQ
AMBA,NASDAQ
FWONA,NASDAQ
VCEL,NASDAQ
TOWN,NASDAQ
HUBG,NASDAQ
VC,NASDAQ
PBF,NYSE
FFBC,NASDAQ
VIAV,NASDAQ
PRK,AMEX
ACHC,NASDAQ
AS,NYSE
OGN,NYSE
SAM,NYSE
TDC,NYSE
RRR,NASDAQ
RUN,NASDAQ
VAL,NYSE
DIOD,NASDAQ
BOKF,NASDAQ
AIR,NYSE
SLNO,NASDAQ
REVG,NYSE
PII,NYSE
SYBT,NASDAQ
WAFD,NASDAQ
EXTR,NASDAQ
IOSP,NASDAQ
NATL,NYSE
WEN,NASDAQ
IPGP,NASDAQ
VERX,NASDAQ
UEC,AMEX
TGI,NYSE
YOU,NYSE
VCYT,NASDAQ
RGTI,NASDAQ
BATRK,NASDAQ
ALKT,NASDAQ
AMKR,NASDAQ
UE,NYSE
FRME,NASDAQ
LZB,NYSE
SMR,NYSE
DAN,NYSE
CURB,NYSE
PPC,NASDAQ
CCOI,NASDAQ
HUN,NYSE
COLM,NASDAQ
PHIN,NYSE
MGNI,NASDAQ
SLVM,NYSE
CPRI,NYSE
SKWD,NASDAQ
STNG,NYSE
CRK,NYSE
AIN,NYSE
HAYW,NYSE
ACLS,NASDAQ
STRA,NASDAQ
NCNO,NASDAQ
TDW,NYSE
TRN,NYSE
WRBY,NYSE
CASH,NASDAQ
AEO,NYSE
HHH,NYSE
CLVT,NYSE
PAYO,NASDAQ
MAN,NYSE
FOLD,NASDAQ
CORZ,NASDAQ
DOCN,NYSE
DV,NYSE
IVT,NYSE
TGLS,NYSE
IESC,NASDAQ
CSGS,NASDAQ
WLY,NYSE
FL,NYSE
NBTB,NASDAQ
EFSC,NASDAQ
PLUS,NASDAQ
SHC,NASDAQ
POWL,NASDAQ
OSW,NASDAQ
UPWK,NASDAQ
FIVN,NASDAQ
QDEL,NASDAQ
GOLF,NYSE
BUSE,NASDAQ
GRBK,NYSE
RKT,NYSE
AGIO,NASDAQ
KLIC,NASDAQ
BFA,NYSE
PPBI,NASDAQ
UTI,NYSE
ADUS,NASDAQ
AAP,NYSE
DJT,NASDAQ
ROCK,NASDAQ
CENTA,NASDAQ
SPB,NYSE
AVDX,NASDAQ
WKC,NYSE
HBI,NYSE
COTY,NYSE
NVCR,NASDAQ
RIG,NYSE
OFG,NYSE
SHOO,NASDAQ
ALG,NYSE
HMN,NYSE
ARWR,NASDAQ
SXI,NYSE
TPC,NYSE
VSCO,NYSE
MTX,NYSE
KMT,NYSE
SHO,NYSE
RAMP,NYSE
OII,NYSE
AGM,NYSE
JJSF,NASDAQ
LBRT,NYSE
VYX,NYSE
HE,NYSE
ALHC,NASDAQ
VSH,NYSE
LMB,NASDAQ
APLS,NASDAQ
MIRM,NASDAQ
LBTYK,NASDAQ
DBRG,NYSE
WOR,NYSE
SDRL,NYSE
PRKS,NYSE
BANC,NYSE
FBK,NYSE
UFPT,NASDAQ
PAGS,NYSE
CHCO,NASDAQ
ENOV,NYSE
PRM,NYSE
SGRY,NASDAQ
CNMD,NYSE
TPB,NYSE
PGNY,NASDAQ
ENR,NYSE
TVTX,NASDAQ
DNLI,NASDAQ
APGE,NASDAQ
COCO,NASDAQ
BLX,NYSE
SOC,NYSE
LBTYA,NASDAQ
IIPR,NYSE
LNN,NYSE
STC,NYSE
IGT,NYSE
WERN,NASDAQ
TWST,NASDAQ
KNTK,NYSE
KN,NYSE
SUPN,NASDAQ
NMRK,NASDAQ
BTU,NYSE
TRUP,NASDAQ
DDS,NYSE
MCY,NYSE
DRH,NYSE
ICFI,NASDAQ
BEAM,NASDAQ
PD,NYSE
GNL,NYSE
TARS,NASDAQ
UI,NYSE
UNFI,NYSE
SBCF,NASDAQ
MSGE,NYSE
IDYA,NASDAQ
EPC,NYSE
HTH,NYSE
HP,NYSE
INFA,NYSE
LMND,NYSE
DNOW,NYSE
ZD,NASDAQ
CC,NYSE
HTO,NASDAQ
DAVE,NASDAQ
IMAX,NYSE
LGND,NASDAQ
ATRC,NASDAQ
INSW,NYSE
NIC,NYSE
NGVT,NYSE
HCI,NYSE
LBRDA,NASDAQ
HRMY,NASDAQ
ETNB,NASDAQ
NTST,NYSE
ARI,NYSE
KYMR,NASDAQ
SEM,NYSE
JBLU,NASDAQ
ARCB,NASDAQ
LMAT,NASDAQ
BLBD,NASDAQ
UVV,NYSE
UPBD,NASDAQ
BHE,NYSE
EYE,NASDAQ
NTCT,NASDAQ
CWK,NYSE
CRGY,NYSE
MTRN,NYSE
QS,NYSE
WT,NYSE
WABC,NASDAQ
LLYVA,NASDAQ
CUBI,NYSE
ABR,NYSE
GBX,NYSE
WWW,NYSE
ELME,NYSE
CCS,NYSE
NNI,NYSE
TRIP,NASDAQ
HI,NYSE
ADNT,NYSE
FBNC,NASDAQ
CSTM,NYSE
KWR,NYSE
DVAX,NASDAQ
BHVN,NYSE
AMR,NYSE
FCF,NYSE
ACMR,NASDAQ
ADEA,NASDAQ
JOE,NYSE
VRE,NYSE
BTSG,NASDAQ
STEL,NYSE
DHT,NYSE
NHC,AMEX
PZZA,NASDAQ
XHR,NYSE
USLM,NASDAQ
ALEX,NYSE
NEOG,NASDAQ
NWN,NYSE
TNDM,NASDAQ
GO,NASDAQ
LKFN,NASDAQ
GEF,NYSE
INVA,NASDAQ
FLYW,NASDAQ
DFIN,NYSE
JBGS,NYSE
WMK,NYSE
AMRX,NASDAQ
QCRH,NASDAQ
RPD,NASDAQ
SNDR,NYSE
HUT,NASDAQ
SEZL,NASDAQ
LQDA,NASDAQ
LTC,NYSE
MLKN,NASDAQ
SPNT,NYSE
MBC,NYSE
DK,NYSE
HLMN,NASDAQ
TNC,NYSE
ROG,NYSE
BFC,NASDAQ
MNKD,NASDAQ
TFIN,NASDAQ
EVRI,NYSE
LZ,NASDAQ
CTS,NYSE
ARQT,NASDAQ
KGS,NYSE
GTY,NYSE
ANDE,NASDAQ
LION,NYSE
RLJ,NYSE
ASAN,NYSE
CGON,NASDAQ
STBA,NASDAQ
CLDX,NASDAQ
SCL,NYSE
NAVI,NASDAQ
STR,NYSE
FA,NASDAQ
NVEE,NASDAQ
UAA,NYSE
CRAI,NASDAQ
PLAB,NASDAQ
OCUL,NASDAQ
NWBI,NASDAQ
BKD,NYSE
SG,NYSE
REYN,NASDAQ
AIV,NYSE
DBD,NYSE
APPN,NASDAQ
SDGR,NASDAQ
WINA,NASDAQ
CERT,NASDAQ
EIG,NYSE
XMTR,NASDAQ
CBRL,NASDAQ
LEG,NYSE
PARR,NYSE
SONO,NASDAQ
IDT,NYSE
CRI,NYSE
OMCL,NASDAQ
UA,NYSE
AUPH,NASDAQ
ANIP,NASDAQ
LGIH,NASDAQ
PHR,NYSE
MD,NYSE
VSAT,NASDAQ
ASTH,NASDAQ
TDOC,NYSE
PEB,NYSE
JBI,NYSE
SAFT,NASDAQ
GIII,NASDAQ
LEU,AMEX
PCRX,NASDAQ
PRG,NYSE
LENB,NYSE
KALU,NASDAQ
NBHC,NYSE
PRA,NYSE
KLG,NYSE
FIZZ,NASDAQ
DRVN,NASDAQ
ACT,NASDAQ
KNSA,NASDAQ
AORT,NYSE
FDP,NYSE
MSEX,NASDAQ
EWTX,NASDAQ
SFL,NYSE
VITL,NASDAQ
THS,NYSE
VECO,NASDAQ
VRTS,NYSE
SGHC,NYSE
BHLB,NYSE
HLIT,NASDAQ
COUR,NYSE
INOD,NASDAQ
PMT,NYSE
SPT,NASDAQ
MCRI,NASDAQ
WGS,NASDAQ
ARLO,NYSE
HOPE,NASDAQ
CNNE,NYSE
HCSG,NASDAQ
VBTX,NASDAQ
VRNT,NASDAQ
TILE,NASDAQ
ARRY,NASDAQ
NN,NASDAQ
NVAX,NASDAQ
TCBK,NASDAQ
NSSC,NASDAQ
INMD,NASDAQ
MRC,NYSE
CSR,NYSE
BBSI,NASDAQ
PEBO,NASDAQ
AZTA,NASDAQ
TNK,NYSE
RDVT,NASDAQ
COMM,NASDAQ
ESRT,NYSE
TALO,NYSE
LADR,NYSE
APLD,NASDAQ
ENVX,NASDAQ
PRLB,NYSE
PWP,NASDAQ
JAMF,NASDAQ
MFA,NYSE
DGII,NASDAQ
CRMD,NASDAQ
FUBO,NYSE
APOG,NASDAQ
AMWD,NASDAQ
FIHL,NYSE
BKE,NYSE
TWO,NYSE
USPH,NYSE
FOXF,NASDAQ
RXRX,NASDAQ
PGRE,NYSE
SBSI,NYSE
UNIT,NASDAQ
ATEC,NASDAQ
SCSC,NASDAQ
RSI,NYSE
ADPT,NASDAQ
WGO,NYSE
PRCH,NASDAQ
COLL,NASDAQ
CIM,NYSE
AMC,NYSE
GRAL,NASDAQ
SIBN,NASDAQ
NTGR,NASDAQ
WULF,NASDAQ
DOLE,NYSE
VRDN,NASDAQ
IRON,NASDAQ
RDFN,NASDAQ
DHC,NASDAQ
OCFC,NASDAQ
ROOT,NASDAQ
ARR,NYSE
ATEN,NYSE
UMH,NYSE
LC,NYSE
NEO,NASDAQ
THR,NYSE
LFST,NASDAQ
PENG,NASDAQ
SCS,NYSE
TRS,NASDAQ
AMPH,NASDAQ
IMKTA,NASDAQ
TXG,NASDAQ
DYN,NASDAQ
AAMI,NYSE
GABC,NASDAQ
ECPG,NASDAQ
BJRI,NASDAQ
SPHR,NYSE
HLIO,NYSE
FMBH,NASDAQ
SPRY,NASDAQ
CCB,NASDAQ
SRCE,NASDAQ
CXM,NYSE
IART,NASDAQ
OXM,NYSE
LINC,NASDAQ
PNTG,NASDAQ
DXPE,NASDAQ
UVE,NYSE
SBH,NYSE
EFC,NYSE
AAT,NYSE
FSLY,NYSE
CENX,NASDAQ
CNA,NYSE
CNOB,NASDAQ
ASTE,NASDAQ
DCOM,NASDAQ
FBRT,NYSE
XPEL,NASDAQ
TRNS,NASDAQ
OLO,NYSE
MODG,NYSE
CWENA,NYSE
CWH,NYSE
NG,AMEX
ATRO,NASDAQ
STAA,NASDAQ
UCTT,NASDAQ
OBK,NYSE
PPTA,NASDAQ
EVH,NYSE
IMVT,NASDAQ
VICR,NASDAQ
CECO,NASDAQ
MDXG,NASDAQ
IBTA,NYSE
THRM,NASDAQ
NEXT,NASDAQ
KSS,NYSE
AMSF,NASDAQ
AESI,NYSE
GOGL,NASDAQ
LOB,NYSE
SXC,NYSE
PCT,NASDAQ
VSTS,NYSE
BV,NYSE
CBL,NYSE
AVDL,NASDAQ
CDRE,NYSE
CFFN,NASDAQ
RBCAA,NASDAQ
SABR,NASDAQ
CPF,NYSE
HTZ,NASDAQ
SAH,NYSE
HG,NYSE
ARDX,NASDAQ
GERN,NASDAQ
HLX,NYSE
PDM,NYSE
DEA,NYSE
CDNA,NASDAQ
NRIM,NASDAQ
BHRB,NASDAQ
AMSC,NASDAQ
MXL,NASDAQ
VERA,NASDAQ
LILAK,NASDAQ
UVSP,NASDAQ
SAFE,NYSE
NTLA,NASDAQ
CABO,NYSE
NXRT,NYSE
LPG,NYSE
HFWA,NASDAQ
MBWM,NASDAQ
AMN,NYSE
BLND,NYSE
TMP,AMEX
MCBS,NASDAQ
BLFS,NASDAQ
DX,NYSE
GOGO,NASDAQ
SNDX,NASDAQ
HRTG,NYSE
DAKT,NASDAQ
NAGE,NASDAQ
GSAT,NASDAQ
NPKI,NYSE
TDUP,NASDAQ
AMPL,NASDAQ
ORC,NYSE
NX,NYSE
BDN,NYSE
CTLP,NASDAQ
KFRC,NYSE
WS,NYSE
BRSP,NYSE
PRO,NYSE
BZH,NYSE
KOS,NYSE
EVLV,NASDAQ
SMBK,NYSE
AAOI,NASDAQ
BELFB,NASDAQ
GBTG,NYSE
ESQ,NASDAQ
CNXN,NASDAQ
SHLS,NASDAQ
ELVN,NASDAQ
TFSL,NASDAQ
XPRO,NYSE
LIF,NASDAQ
OSBC,NASDAQ
TSHA,NASDAQ
EMBC,NASDAQ
HCKT,NASDAQ
CTBI,NASDAQ
HAFC,NASDAQ
KW,NYSE
ORRF,NASDAQ
HNRG,NASDAQ
HSTM,NASDAQ
BY,NYSE
RVLV,NYSE
AGS,NYSE
HLF,NYSE
REX,NYSE
HONE,NASDAQ
WSR,NYSE
REPL,NASDAQ
HSII,NASDAQ
RYI,NYSE
SPNS,NASDAQ
PLAY,NASDAQ
HTB,NYSE
UTZ,NYSE
SENEA,NASDAQ
ASIX,NYSE
COHU,NASDAQ
CARS,NYSE
CMPR,NASDAQ
QNST,NASDAQ
ERII,NASDAQ
ALGT,NASDAQ
BRKL,NASDAQ
ODC,NYSE
PFBC,NASDAQ
UTL,NYSE
IAS,NASDAQ
PLYM,NYSE
SEB,AMEX
IE,AMEX
TK,NYSE
MRTN,NASDAQ
AHCO,NASDAQ
WTTR,NYSE
HROW,NASDAQ
VTOL,NYSE
ECVT,NYSE
RUSHB,NASDAQ
PAX,NASDAQ
RDUS,NASDAQ
AIOT,NASDAQ
NGVC,NYSE
GRC,NYSE
OEC,NYSE
UUUU,AMEX
DCO,NYSE
AGL,NYSE
IIIN,NYSE
OSPN,NASDAQ
BLMN,NASDAQ
FARO,NASDAQ
BBAI,NYSE
NVRI,NYSE
CCBG,NASDAQ
NBBK,NASDAQ
MOFG,NASDAQ
RWT,NYSE
MEG,NYSE
SPTN,NASDAQ
EVER,NASDAQ
BBW,NYSE
VMEO,NASDAQ
CAL,NYSE
CMCL,AMEX
DJCO,NASDAQ
PRAX,NASDAQ
HELE,NASDAQ
CMP,NYSE
ANGI,NASDAQ
BASE,NASDAQ
XRX,NASDAQ
NRIX,NASDAQ
YEXT,NYSE
DEC,NYSE
BOW,NYSE
CSV,NYSE
CVLG,NYSE
STKL,NASDAQ
FCBC,NASDAQ
LQDT,NASDAQ
SBGI,NASDAQ
FIGS,NYSE
TROX,NYSE
NNE,NASDAQ
ZYME,NASDAQ
CVI,NYSE
JANX,NASDAQ
MMI,NYSE
CCRN,NASDAQ
DFH,NYSE
UFCS,NASDAQ
GHM,NYSE
PL,NYSE
IBCP,NASDAQ
MBIN,NASDAQ
NECB,NASDAQ
TRST,NASDAQ
BCML,NASDAQ
CYH,NYSE
FLNG,NYSE
NWPX,NASDAQ
GCMG,NASDAQ
FIP,NASDAQ
ZVRA,NASDAQ
PGY,NASDAQ
LENZ,NASDAQ
PLSE,NASDAQ
NYMT,NASDAQ
HBNC,NASDAQ
AMBP,NYSE
MATW,NASDAQ
GLDD,NASDAQ
RC,NYSE
PFIS,NASDAQ
CIFR,NASDAQ
STGW,NASDAQ
MCB,NYSE
KOP,NYSE
FBIZ,NASDAQ
GRND,NYSE
BBUC,NYSE
EQBK,NYSE
WLFC,NASDAQ
VVX,NYSE
ETD,NYSE
PLUG,NASDAQ
EBTC,NASDAQ
BFST,NASDAQ
DLX,NYSE
MPB,NASDAQ
MBUU,NASDAQ
AVNS,NYSE
ABUS,NASDAQ
AVBP,NASDAQ
AMAL,NASDAQ
IIIV,NASDAQ
TALK,NASDAQ
MLAB,NASDAQ
PLOW,NYSE
CMRE,NYSE
UNTY,NASDAQ
AVXL,NASDAQ
EHAB,NYSE
HTBK,NASDAQ
FG,NYSE
GDYN,NASDAQ
BXC,NYSE
TRML,NASDAQ
ANAB,NASDAQ
UDMY,NASDAQ
RGR,NYSE
ADTN,NASDAQ
ODP,NASDAQ
ARIS,NYSE
CODI,NYSE
ACEL,NYSE
ITIC,NASDAQ
SHEN,NASDAQ
CAC,NASDAQ
GLRE,NASDAQ
TIPT,NASDAQ
SMP,NYSE
IRMD,NASDAQ
GSBC,NASDAQ
LASR,NASDAQ
CPS,NYSE
MCW,NASDAQ
FMNB,NASDAQ
THFF,NASDAQ
SEI,NYSE
INGM,NYSE
TBPH,NASDAQ
CASS,NASDAQ
DGICA,NASDAQ
ETWO,NYSE
SWBI,NASDAQ
SITC,NYSE
EE,NYSE
HBCP,NASDAQ
GDEN,NASDAQ
MTAL,NYSE
KREF,NYSE
NFBK,NASDAQ
WRLD,NASDAQ
HIPO,NYSE
BHB,AMEX
UHAL,NYSE
LYTS,NASDAQ
PDFS,NASDAQ
FULC,NASDAQ
OUST,NASDAQ
NABL,NYSE
INVX,NYSE
TRC,NYSE
EGBN,NASDAQ
FRBA,NASDAQ
LXU,NYSE
MLR,NYSE
CIVB,NASDAQ
HOV,NYSE
CTRI,NYSE
CLB,NYSE
ACNB,NASDAQ
TREE,NASDAQ
BYRN,NASDAQ
PRSU,NYSE
NAT,NYSE
BATRA,NASDAQ
ASC,NYSE
BCAX,NASDAQ
AOSL,NASDAQ
GOOD,NASDAQ
SYRE,NASDAQ
SMBC,NASDAQ
RIGL,NASDAQ
AMTB,NYSE
CMPO,NASDAQ
VTS,NYSE
OMI,NYSE
MNMD,NASDAQ
FRPH,NASDAQ
REAL,NASDAQ
PGC,NASDAQ
SNCY,NASDAQ
SLP,NASDAQ
AXL,NYSE
BCAL,NASDAQ
BMBL,NASDAQ
CGEM,NASDAQ
RXST,NASDAQ
OPK,NASDAQ
ACIC,NASDAQ
CLW,NYSE
UWMC,NYSE
OBT,NASDAQ
CARE,NASDAQ
PRAA,NASDAQ
PUBM,NASDAQ
WEAV,NYSE
GNTY,NYSE
AROW,NASDAQ
ONIT,NYSE
VEL,NYSE
ALT,NASDAQ
GDOT,NYSE
CWBC,NASDAQ
CLFD,NASDAQ
FSBW,NASDAQ
AKBA,NASDAQ
IBRX,NASDAQ
SPOK,NASDAQ
FOR,NYSE
AXGN,NASDAQ
MTUS,NYSE
LUNR,NASDAQ
SPFI,NASDAQ
CCSI,NASDAQ
CLBK,NASDAQ
CWCO,NASDAQ
RCKT,NASDAQ
COGT,NASDAQ
EBF,NYSE
XERS,NASDAQ
MBCN,NASDAQ
HBT,NASDAQ
LIND,NASDAQ
UHT,NYSE
ICHR,NASDAQ
SVRA,NASDAQ
BWB,NASDAQ
GNK,NYSE
KODK,NYSE
EXPI,NASDAQ
JBSS,NASDAQ
GRNT,NYSE
MGPI,NASDAQ
ALX,NYSE
PTLO,NASDAQ
MCS,NYSE
NCMI,NASDAQ
SCHL,NASDAQ
FWRD,NASDAQ
INN,NYSE
SEMR,NYSE
ALRS,NASDAQ
DNTH,NASDAQ
PLPC,NASDAQ
KELYA,NASDAQ
FISI,NASDAQ
CTO,NYSE
TSBK,NASDAQ
ACTG,NASDAQ
RICK,NASDAQ
WVE,NASDAQ
MYE,NYSE
MTSR,NASDAQ
HIFS,NASDAQ
PLTK,NASDAQ
GEFB,NYSE
LMNR,NASDAQ
ZIP,NYSE
TTI,NYSE
HZO,NYSE
BAND,NASDAQ
TITN,NASDAQ
CEVA,NASDAQ
NLOP,NYSE
DAWN,NASDAQ
RRBI,NASDAQ
XNCR,NASDAQ
TRTX,NYSE
WTBA,NASDAQ
PRTH,NASDAQ
AMRC,NYSE
WNC,NYSE
EVCM,NASDAQ
EOLS,NASDAQ
IOVA,NASDAQ
GCT,NASDAQ
CCNE,NASDAQ
SRDX,NASDAQ
LSEA,NASDAQ
OLP,NYSE
PX,NYSE
PUMP,NYSE
FSBC,NASDAQ
ARHS,NASDAQ
CCO,NYSE
IMNM,NASDAQ
PAYS,NASDAQ
SSTK,NYSE
DSP,NASDAQ
SFIX,NASDAQ
JACK,NASDAQ
ALNT,NASDAQ
REFI,NASDAQ
CVGW,NASDAQ
CMCO,NASDAQ
CZNC,NASDAQ
HY,NYSE
YORW,NASDAQ
AVO,NASDAQ
FLGT,NASDAQ
ARCT,NASDAQ
VTLE,NYSE
IPI,NYSE
FPI,NYSE
FMAO,NASDAQ
SFST,NASDAQ
SCVL,NASDAQ
DSGR,NASDAQ
USNA,NYSE
REAX,NASDAQ
HTLD,NASDAQ
PHLT,NASDAQ
WSBF,NASDAQ
GIC,NYSE
BFS,NYSE
MVBF,NASDAQ
KE,NASDAQ
IMXI,NASDAQ
NBN,NASDAQ
MSBI,NASDAQ
JMSB,NASDAQ
KURA,NASDAQ
MLYS,NASDAQ
PACS,NYSE
RCUS,NYSE
FFIC,NASDAQ
MNRO,NASDAQ
DIN,NYSE
AMRK,NASDAQ
OFIX,NASDAQ
WLDN,NASDAQ
MITK,NASDAQ
PBPB,NASDAQ
METCV,NASDAQ
HOUS,NYSE
FC,NYSE
ACCO,NYSE
ORIC,NASDAQ
OIS,NYSE
AHH,NYSE
OPEN,NASDAQ
WASH,NASDAQ
BORR,NYSE
LOCO,NASDAQ
SLQT,NYSE
KLC,NYSE
SHBI,NASDAQ
FWRG,NASDAQ
AMBC,NYSE
BIGC,NASDAQ
MLNK,NYSE
KROS,NASDAQ
ANGO,NASDAQ
FTRE,NASDAQ
MTW,NYSE
SD,NYSE
ARKO,NASDAQ
INBK,NASDAQ
ASPN,NYSE
KRUS,NASDAQ
KRNY,NASDAQ
DHIL,NASDAQ
AIP,NASDAQ
XPER,NYSE
BMRC,NASDAQ
PARAA,NASDAQ
NUVB,NYSE
RES,NYSE
HVT,NYSE
TG,NYSE
BVS,NASDAQ
OOMA,NYSE
SANA,NASDAQ
CHCT,NYSE
ORGO,NASDAQ
INZY,NASDAQ
CENT,NASDAQ
APPS,NASDAQ
ABSI,NASDAQ
CRMT,NASDAQ
TBCH,NASDAQ
FDBC,NASDAQ
PSFE,NYSE
GCI,NYSE
RM,NYSE
FNLC,NASDAQ
EGY,NYSE
SAGE,NASDAQ
ADCT,NYSE
MYGN,NASDAQ
CNDT,NASDAQ
SVC,NASDAQ
RPAY,NASDAQ
UIS,NYSE
FRST,NASDAQ
VIR,NASDAQ
ARVN,NASDAQ
MGTX,NASDAQ
OCGN,NASDAQ
PAHC,NASDAQ
ILPT,NASDAQ
CLDT,NYSE
ATEX,NASDAQ
RGNX,NASDAQ
NVEC,NASDAQ
PKE,NYSE
PKST,NYSE
LAND,NASDAQ
THRY,NASDAQ
URG,AMEX
MCFT,NASDAQ
WOOF,NASDAQ
CSTL,NASDAQ
NUS,NYSE
CELC,NASDAQ
CZFS,NASDAQ
SKYT,NASDAQ
VPG,NYSE
UPB,NASDAQ
HDSN,NASDAQ
LXFR,NYSE
RBBN,NASDAQ
BWMN,NASDAQ
RMNI,NASDAQ
REPX,AMEX
BLFY,NASDAQ
CRSR,NASDAQ
LAB,NASDAQ
ULH,NASDAQ
GTN,NYSE
ERAS,NASDAQ
CLMB,NASDAQ
SHYF,NASDAQ
ONTF,NYSE
CAPR,NASDAQ
CRNC,NASDAQ
PANL,NASDAQ
PGEN,NASDAQ
HNST,NASDAQ
RBB,NASDAQ
JELD,NYSE
VMD,NASDAQ
FLNC,NASDAQ
FLIC,NASDAQ
MATV,NYSE
BLDE,NASDAQ
ZEUS,NASDAQ
TWI,NYSE
NNOX,NASDAQ
NGNE,NASDAQ
ZIMV,NASDAQ
CRCT,NASDAQ
CLNE,NASDAQ
KALV,NASDAQ
VREX,NASDAQ
CTOS,NYSE
MAX,NYSE
HPP,NYSE
AQST,NASDAQ
INDI,NASDAQ
GNE,NYSE
MOV,NYSE
LOVE,NASDAQ
PRTA,NASDAQ
STOK,NASDAQ
SIGA,NASDAQ
NEWT,NASDAQ
AVNW,NASDAQ
GMRE,NYSE
WEST,NASDAQ
EU,NASDAQ
BOC,NYSE
ANIK,NASDAQ
BYON,NYSE
TCMD,NASDAQ
EVGO,NASDAQ
CMPX,NASDAQ
BGS,NYSE
CTKB,NASDAQ
TH,NASDAQ
JAKK,NASDAQ
MRVI,NASDAQ
HYLN,AMEX
TMCI,NASDAQ
GCO,NYSE
GETY,NYSE
MEI,NYSE
CMT,AMEX
SVV,NYSE
DNUT,NASDAQ
EYPT,NASDAQ
DMRC,NASDAQ
PACB,NASDAQ
VNDA,NASDAQ
RYAM,NYSE
ZUMZ,NASDAQ
KIDS,NASDAQ
TYRA,NASDAQ
MBI,NYSE
DENN,NASDAQ
IVR,NYSE
UTMD,NASDAQ
SEPN,NASDAQ
BTBT,NASDAQ
WOW,NYSE
CIO,NYSE
CYRX,NASDAQ
NRDS,NASDAQ
TRUE,NASDAQ
FFWM,NYSE
BRY,NASDAQ
INR,NYSE
OMER,NASDAQ
RMR,NASDAQ
PACK,NYSE
OPRX,NASDAQ
EPM,AMEX
POWW,NASDAQ
CHPT,NYSE
LILA,NASDAQ
DOMO,NASDAQ
HMST,NASDAQ
OLMA,NASDAQ
QTRX,NASDAQ
BSRR,NASDAQ
TBI,NYSE
GLUE,NASDAQ
EAF,NYSE
DBI,NYSE
RLAY,NASDAQ
HUMA,NASDAQ
TRDA,NASDAQ
AEHR,NASDAQ
THRD,NASDAQ
MXCT,NASDAQ
TTGT,NASDAQ
NBR,NYSE
CMTG,NYSE
STRZ,NASDAQ
KIND,NYSE
RGP,NASDAQ
ACDC,NASDAQ
ITOS,NASDAQ
BBNX,NASDAQ
ESPR,NASDAQ
SNBR,NASDAQ
OSUR,NASDAQ
VERV,NASDAQ
LPRO,NASDAQ
INSE,NASDAQ
HRTX,NASDAQ
TCX,NASDAQ
ACRE,NYSE
PSTL,NYSE
AVIR,NASDAQ
NVTS,NASDAQ
SB,NYSE
QSI,NASDAQ
AURA,NASDAQ
SLDP,NASDAQ
KOD,NASDAQ
DDD,NYSE
NRC,NASDAQ
CRGX,NASDAQ
ONEW,NASDAQ
KRRO,NASDAQ
ARAY,NASDAQ
AMCX,NASDAQ
FLWS,NASDAQ
HOFT,NASDAQ
NFE,NASDAQ
CERS,NASDAQ
WTI,NYSE
RCEL,NASDAQ
BCBP,NASDAQ
EVC,NYSE
BYND,NASDAQ
ADV,NASDAQ
BHR,NYSE
HCAT,NASDAQ
EGHT,NASDAQ
HAIN,NASDAQ
ANNX,NASDAQ
JRVR,NASDAQ
ATNI,NASDAQ
FRGE,NYSE
ALTG,NYSE
FDMT,NASDAQ
MVIS,NASDAQ
ASLE,NASDAQ
ATXS,NASDAQ
BOOM,NASDAQ
WOLF,NYSE
SEAT,NASDAQ
OLPX,NASDAQ
SSTI,NASDAQ
MED,NYSE
SES,NYSE
GPRE,NASDAQ
SEG,AMEX
EB,NYSE
XPOF,NYSE
FORR,NASDAQ
RMAX,NYSE
NXDT,NYSE
MYPS,NASDAQ
JOUT,NASDAQ
CDXS,NASDAQ
URGN,NASDAQ
EWCZ,NASDAQ
IMMR,NASDAQ
GPMT,NYSE
YMAB,NASDAQ
AVD,NYSE
LAW,NYSE
REI,AMEX
SKIN,NASDAQ
PHAT,NASDAQ
CBAN,NYSE
MNTK,NASDAQ
OFLX,NASDAQ
CATX,AMEX
SCPH,NASDAQ
ULCC,NASDAQ
MASS,NASDAQ
TCBX,NASDAQ
IHRT,NASDAQ
ASUR,NASDAQ
LRMR,NASDAQ
DH,NASDAQ
LESL,NASDAQ
ALDX,NASDAQ
NRGV,NYSE
AMPY,NYSE
SRI,NYSE
TERN,NASDAQ
CMDB,NYSE
RHLD,NASDAQ
CHGG,NYSE
DCGO,NASDAQ
SMRT,NYSE
DSGN,NASDAQ
CVRX,NASDAQ
AFCG,NASDAQ
LWLG,NASDAQ
GRWG,NASDAQ
PLL,NASDAQ
ENTA,NASDAQ
EDIT,NASDAQ
SSP,NASDAQ
VYGR,NASDAQ
CCCC,NASDAQ
TCRX,NASDAQ
FNKO,NASDAQ
OABI,NASDAQ
IAUX,AMEX
ALLO,NASDAQ
INO,NASDAQ
INGN,NASDAQ
WALD,NASDAQ
INBX,NASDAQ
LUNG,NASDAQ
BRCC,NYSE
FATE,NASDAQ
IRWD,NASDAQ
CRBP,NASDAQ
TTEC,NASDAQ
MGNX,NASDAQ
TNGX,NASDAQ
ONL,NYSE
ALMS,NASDAQ
SUNS,NASDAQ
CDLX,NASDAQ
SAVA,NASDAQ
STEM,NYSE
LXRX,NASDAQ
STRO,NASDAQ
PLRX,NASDAQ
ALEC,NASDAQ
RILY,NASDAQ
LAZR,NASDAQ
CRBU,NASDAQ
NMRA,NASDAQ
IRBT,NASDAQ
GPRO,NASDAQ
VTYX,NASDAQ
ZYXI,NASDAQ
LYEL,NASDAQ
CABA,NASDAQ
ZNTL,NASDAQ
CVGI,NASDAQ
NKTX,NASDAQ
STHO,NASDAQ
DXLG,NASDAQ
CHRS,NASDAQ
FCEL,NASDAQ
AGEN,NASDAQ
APLT,NASDAQ
PRME,NASDAQ
SPCE,NYSE
TPIC,NASDAQ
PROK,NASDAQ
OB,NASDAQ
PEPG,NASDAQ
HLVX,NASDAQ
TNYA,NASDAQ
BLNK,NASDAQ
BMEA,NASDAQ
MRSN,NASDAQ
GBIO,NASDAQ
IPSC,NASDAQ
IGMS,NASDAQ
RAPT,NASDAQ
XFOR,NASDAQ
QTTB,NASDAQ
OTLK,NASDAQ
NOVA,NYSE
-,NASDAQ
MODV,NASDAQ
METCB,NASDAQ
ALXO,NASDAQ
JBIO,NASDAQ
PBI,NYSE
GTXI,NASDAQ
,
"THE CONTENT CONTAINED HEREIN IS OWNED OR LICENSED BY BLACKROCK AND/OR ITS THIRD-PARTY INFORMATION PROVIDERS AND IS PROTECTED BY APPLICABLE COPYRIGHTS, TRADEMARKS, SERVICE MARKS, AND/OR OTHER INTELLECTUAL PROPERTY RIGHTS. SUCH CONTENT IS SOLELY FOR YOUR PERSONAL, NON-COMMERCIAL USE. ACCORDINGLY, YOU MAY NOT COPY, DISTRIBUTE, MODIFY, POST, FRAME OR DEEP LINK THIS CONTENT. YOU MAY DOWNLOAD MATERIAL DISPLAYED ON THIS WEBSITE FOR YOUR PERSONAL USE PROVIDED YOU ALSO RETAIN ALL COPYRIGHT AND OTHER PROPRIETARY NOTICES CONTAINED ON THE MATERIALS. MODIFICATION OR USE OF THE MATERIALS FOR ANY OTHER PURPOSE VIOLATES BLACKROCK'S INTELLECTUAL PROPERTY RIGHTS.
HOLDINGS SUBJECT TO CHANGE. SEE WWW.ISHARES.COM FOR THE MOST RECENT FUNDS HOLDINGS.
THE VALUES FOR “PRICE” SHOWN HEREIN GENERALLY REPRESENT A PRICE PROVIDED BY A THIRD-PARTY PRICING VENDOR FOR THE PORTFOLIO HOLDING AND DO NOT REFLECT THE IMPACT OF SYSTEMATIC FAIR VALUATION (“THE VENDOR PRICE”). THE VENDOR PRICE IS NOT NECESSARILY THE PRICE AT WHICH THE FUND VALUES THE PORTFOLIO HOLDING FOR THE PURPOSES OF DETERMINING ITS NET ASSET VALUE (THE “VALUATION PRICE”). ADDITIONALLY, WHERE APPLICABLE, FOREIGN CURRENCY EXCHANGE RATES WITH RESPECT TO THE PORTFOLIO HOLDINGS DENOMINATED IN NON-U.S. CURRENCIES FOR THE VALUATION PRICE WILL BE GENERALLY DETERMINED AS OF THE CLOSE OF BUSINESS ON THE NEW YORK STOCK EXCHANGE, WHEREAS FOR THE VENDOR PRICE WILL BE GENERALLY DETERMINED AS OF 4 P.M. LONDON. THE VALUES SHOWN HEREIN FOR “MARKET VALUE,” “WEIGHT,” AND “NOTIONAL VALUE” (THE “CALCULATED VALUES”) ARE BASED OFF OF THE VENDOR PRICE AND MAY HAVE BEEN DIFFERENT IF THE VALUATION PRICE WERE TO HAVE BEEN USED TO CALCULATE SUCH VALUES. THE VENDOR PRICE IS AS OF THE MOST RECENT PRACTICABLE DATE AND MAY NOT NECESSARILY BE AS OF THE DATE SHOWN ABOVE.
PLEASE SEE THE “DETERMINATION OF NET ASSET VALUE” SECTION OF EACH FUND’S PROSPECTUS FOR ADDITIONAL INFORMATION ON THE FUND’S VALUATION POLICIES AND PROCEDURES.
CAREFULLY CONSIDER THE FUNDS' INVESTMENT OBJECTIVES, RISK FACTORS, AND CHARGES AND EXPENSES BEFORE INVESTING. THIS AND OTHER INFORMATION CAN BE FOUND IN THE FUNDS' PROSPECTUSES OR, IF AVAILABLE, THE SUMMARY PROSPECTUSES WHICH MAY BE OBTAINED BY VISITING WWW.ISHARES.COM OR WWW.BLACKROCK.COM. READ THE PROSPECTUS CAREFULLY BEFORE INVESTING. INVESTING INVOLVES RISK, INCLUDING POSSIBLE LOSS OF PRINCIPAL.
THIS INFORMATION SHOULD NOT BE RELIED UPON AS RESEARCH, INVESTMENT ADVICE, OR A RECOMMENDATION REGARDING ANY PRODUCTS, STRATEGIES, OR ANY SECURITY IN PARTICULAR.
THIS MATERIAL IS STRICTLY FOR ILLUSTRATIVE, EDUCATIONAL, OR INFORMATIONAL PURPOSES AND IS SUBJECT TO CHANGE.
THE FUNDS ARE DISTRIBUTED BY BLACKROCK INVESTMENTS, LLC (TOGETHER WITH ITS AFFILIATES, “BLACKROCK”).
THE ISHARES FUNDS ARE NOT SPONSORED, ENDORSED, ISSUED, SOLD OR PROMOTED BY BLOOMBERG, BLACKROCK INDEX SERVICES, LLC, CBOE GLOBAL INDICES, LLC, COHEN & STEERS, EUROPEAN PUBLIC REAL ESTATE ASSOCIATION (“EPRA® ”), FTSE INTERNATIONAL LIMITED (“FTSE”), ICE DATA INDICES, LLC, NSE INDICES LTD, JPMORGAN, JPX GROUP, LONDON STOCK EXCHANGE GROUP (“LSEG”), MSCI INC., MARKIT INDICES LIMITED, MORNINGSTAR, INC., NASDAQ, INC., NATIONAL ASSOCIATION OF REAL ESTATE INVESTMENT TRUSTS (“NAREIT”), NIKKEI, INC., RUSSELL, S&P DOW JONES INDICES LLC OR STOXX LTD. NONE OF THESE COMPANIES MAKE ANY REPRESENTATION REGARDING THE ADVISABILITY OF INVESTING IN THE FUNDS. WITH THE EXCEPTION OF BLACKROCK INDEX SERVICES, LLC, WHO IS AN AFFILIATE, BLACKROCK INVESTMENTS, LLC IS NOT AFFILIATED WITH THE COMPANIES LISTED ABOVE. NEITHER FTSE, LSEG, NOR NAREIT MAKES ANY WARRANTY REGARDING THE FTSE NAREIT EQUITY REITS INDEX, FTSE NAREIT ALL RESIDENTIAL CAPPED INDEX OR FTSE NAREIT ALL MORTGAGE CAPPED INDEX. NEITHER FTSE, EPRA, LSEG, NOR NAREIT MAKES ANY WARRANTY REGARDING THE FTSE EPRA NAREIT DEVELOPED EX-U.S. INDEX, FTSE EPRA NAREIT DEVELOPED GREEN TARGET INDEX OR FTSE EPRA NAREIT GLOBAL REITS INDEX. “FTSE®” IS A TRADEMARK OF LONDON STOCK EXCHANGE GROUP COMPANIES AND IS USED BY FTSE UNDER LICENSE.
©2023 BLACKROCK, INC OR ITS AFFILIATES. ALL RIGHTS RESERVED. ISHARES, IBONDS AND BLACKROCK ARE TRADEMARKS OF BLACKROCK, INC. OR ITS AFFILIATES. ALL OTHER TRADEMARKS ARE THOSE OF THEIR RESPECTIVE OWNERS.",
